county_name,year,bearing_acres,status,data_source
Polk,2002,102295.0,published,NASS_CENSUS
Polk,2007,83294.0,published,NASS_CENSUS
Polk,2012,65724.0,published,NASS_CENSUS
Polk,2017,66988.0,published,NASS_CENSUS
Polk,2022,54692.0,published,NASS_CENSUS
Hendry,2002,,withheld,NASS_CENSUS
Hendry,2007,,withheld,NASS_CENSUS
Hendry,2012,94267.0,published,NASS_CENSUS
Hendry,2017,65849.0,published,NASS_CENSUS
Hendry,2022,52114.0,published,NASS_CENSUS
DeSoto,2002,67394.0,published,NASS_CENSUS
DeSoto,2007,46798.0,published,NASS_CENSUS
DeSoto,2012,,withheld,NASS_CENSUS
DeSoto,2017,46935.0,published,NASS_CENSUS
DeSoto,2022,42234.0,published,NASS_CENSUS
Highlands,2002,75984.0,published,NASS_CENSUS
Highlands,2007,53539.0,published,NASS_CENSUS
Highlands,2012,43433.0,published,NASS_CENSUS
Highlands,2017,40799.0,published,NASS_CENSUS
Highlands,2022,,withheld,NASS_CENSUS
